Country,Party,Short,Website,News,EU Website,EU News,Source
NL,People's Party for Freedom and Democracy,VVD,https://www.vvd.nl/,https://cms.vvd.nl/nieuws/,https://www.vvd.nl/europees-parlement/,,https://en.wikipedia.org/wiki/House_of_Representatives_(Netherlands)
NL,Party for Freedom,PVV,https://pvv.nl/,https://pvv.nl/,https://www.pvv-europa.nl/,https://www.pvv-europa.nl/nieuws,https://en.wikipedia.org/wiki/House_of_Representatives_(Netherlands)
NL,Christian Democratic Appeal,CDA,https://www.cda.nl/,https://www.cda.nl/actueel/nieuws/,https://www.cda.nl/europa/,https://www.cda.nl/europa/actueel/nieuws/,https://en.wikipedia.org/wiki/House_of_Representatives_(Netherlands)
NL,Democrats 66,D66,https://d66.nl/,https://d66.nl/actueel/,https://d66.nl/voor-europa/,,https://en.wikipedia.org/wiki/House_of_Representatives_(Netherlands)
NL,GroenLinks,GL,https://groenlinks.nl/,https://groenlinks.nl/nieuws,https://europa.groenlinks.nl/,https://groenlinks.nl/nieuws/europese-unie,https://en.wikipedia.org/wiki/House_of_Representatives_(Netherlands)
NL,Socialist Party,SP,https://www.sp.nl/,https://www.sp.nl/nu?type=nieuws,,,https://en.wikipedia.org/wiki/House_of_Representatives_(Netherlands)
NL,Labour Party,PvdA,https://www.pvda.nl/,https://www.pvda.nl/nieuws/,https://europa.pvda.nl/,https://europa.pvda.nl/nieuws/,https://en.wikipedia.org/wiki/House_of_Representatives_(Netherlands)
NL,Christian Union,CU,https://www.christenunie.nl/,https://www.christenunie.nl/blog,https://www.christenunie.nl/europa,https://www.christenunie.nl/europa,https://en.wikipedia.org/wiki/House_of_Representatives_(Netherlands)
NL,Party for the Animals,PvdD,https://www.partijvoordedieren.nl/,https://www.partijvoordedieren.nl/actueel,https://europa.partijvoordedieren.nl/,https://europa.partijvoordedieren.nl/archief/nieuws,https://en.wikipedia.org/wiki/House_of_Representatives_(Netherlands)
NL,50PLUS,50+,https://50pluspartij.nl/,https://50pluspartij.nl/actueel,https://www.50pluspartij.nl/704-europa,https://www.50pluspartij.nl/704-europa#mod-323,https://en.wikipedia.org/wiki/House_of_Representatives_(Netherlands)
NL,Reformed Political Party,SGP,https://www.sgp.nl/,https://www.sgp.nl/actueel,https://eurofractie.sgp.nl/,https://eurofractie.sgp.nl/actueelnieuws,https://en.wikipedia.org/wiki/House_of_Representatives_(Netherlands)
NL,Denk,DENK,https://www.bewegingdenk.nl/,https://www.bewegingdenk.nl/actueel/nieuwsberichten/,,,https://en.wikipedia.org/wiki/House_of_Representatives_(Netherlands)
NL,Forum for Democracy,FvD,https://forumvoordemocratie.nl/,https://forumvoordemocratie.nl/actueel,https://forumvoordemocratie.nl/standpunten/europese-unie,,https://en.wikipedia.org/wiki/House_of_Representatives_(Netherlands)
BE,Nieuw-Vlaamse Alliantie,N-VA,https://www.n-va.be/,https://www.n-va.be/nieuws,https://www.n-va.be/standpunten/europa,https://www.n-va.be/nieuws?onderwerp=Europa,http://www.parties-and-elections.eu/belgium.html
BE,Vlaams Belang,VB,https://www.vlaamsbelang.org/,https://www.vlaamsbelang.org/category/nieuws/,https://www.vlaamsbelang.org/tag/europa/,https://www.vlaamsbelang.org/tag/europa/,http://www.parties-and-elections.eu/belgium.html
BE,Christen-Democratisch & Vlaams,CD&V,https://www.cdenv.be/,https://www.cdenv.be/actua/,https://www.cdenv.be/wie-zijn-we/cdenv-als-politieke-partij/europees-parlement/,https://www.cdenv.be/wie-zijn-we/cdenv-als-politieke-partij/europees-parlement/,http://www.parties-and-elections.eu/belgium.html
BE,Open Vlaamse Liberalen en Democraten,Open VLD,https://www2.openvld.be/,https://www2.openvld.be/nieuws/,https://www2.openvld.be/standpunten/europa-de-wereld/,https://www2.openvld.be/standpunten/europa-de-wereld/,http://www.parties-and-elections.eu/belgium.html
BE,Socialistische Partij. Anders,SP.A,https://www.s-p-a.be/,,https://www.s-p-a.be/standpunten/europa/,,http://www.parties-and-elections.eu/belgium.html
BE,De Vlaamse Groenen,GROEN,https://www.groen.be/,https://www.groen.be/persberichten,https://www.groen.be/europa,,http://www.parties-and-elections.eu/belgium.html
BE,Parti Socialiste,PS,https://www.ps.be/#/,https://www.ps.be/#/page/articles/,https://www.ps.be/#/page/topic/Europe/43,https://www.ps.be/#/page/topic/Europe/43,http://www.parties-and-elections.eu/belgium.html
BE,Mouvement Réformateur,MR,http://www.mr.be/,http://www.mr.be/actu/,http://www.mr.be/projet/europe-international/,,http://www.parties-and-elections.eu/belgium.html
BE,Ecolo,ECOLO,https://ecolo.be/,https://ecolo.be/actualites/,https://ecolo.be/tag/europe/,https://ecolo.be/tag/europe/,http://www.parties-and-elections.eu/belgium.html
BE,Centre Démocrate Humaniste,CDH,http://www.lecdh.be/,http://www.lecdh.be/,https://www.lecdh.be/nos-candidats-2019/europe,,http://www.parties-and-elections.eu/belgium.html
BE,Démocrate Fédéraliste Indépendant,DéFI,https://defi.eu/,https://defi.eu/category/actualites/,https://defi.eu/thematique/europe/,https://defi.eu/thematique/europe/,http://www.parties-and-elections.eu/belgium.html
BE,Parti Populaire,PP,http://lepeuple.be/,http://lepeuple.be/,,,http://www.parties-and-elections.eu/belgium.html
BE,Parti du Travail de Belgique,PTB,https://www.ptb.be/,https://www.ptb.be/actualites,https://www.ptb.be/tags/europe,https://www.ptb.be/tags/europe,http://www.parties-and-elections.eu/belgium.html
LU,Chrëschtlech Sozial Vollekspartei,CSV,https://csv.lu/,https://csv.lu/aktualiteit/,https://csi.csv.lu/elections-europeennes-2019/,https://csv.lu/category/aus-europa/,http://www.parties-and-elections.eu/luxembourg.html
LU,Lëtzebuergesch Sozialistesch Arbechterpartei,LSAP,https://www.lsap.lu/accueil-2/,https://www.lsap.lu/politesch-aktualiteit/news/,https://www.lsap.lu/europe/,,http://www.parties-and-elections.eu/luxembourg.html
LU,Demokratesch Partei,DP,https://www.dp.lu/,https://www.dp.lu/de/aktuelles,https://www.dp.lu/de/europa,,http://www.parties-and-elections.eu/luxembourg.html
LU,Déi Gréng,Gréng,https://wielgreng.lu/,https://wielgreng.lu/aktualiteit/,http://www.greng.lu/greng-kandidate-fir-europa,http://www.greng.lu/actualites?keywords=&article_type=All&theme=8&year%5Bvalue%5D%5Byear%5D=&field_author_target_id=,http://www.parties-and-elections.eu/luxembourg.html
LU,Alternativ Demokratesch Reformpartei,ADR,https://adr.lu/,https://adr.lu/,https://adr.lu/aecr/,https://adr.lu/aecr/,http://www.parties-and-elections.eu/luxembourg.html
LU,Piratepartei Lëtzebuerg,Piraten,https://www.piraten.lu/,https://www.piraten.lu/category/news/,https://www.piraten.lu/eu-programm-2019/,,http://www.parties-and-elections.eu/luxembourg.html
LU,Déi Lénk,Lénk,http://www.dei-lenk.lu/,http://www.dei-lenk.lu/,https://www.dei-lenk.lu/theme-en-detail/europe/,https://www.dei-lenk.lu/theme-en-detail/europe/,http://www.parties-and-elections.eu/luxembourg.html
FR,La République en Marche,LREM,https://en-marche.fr/,https://en-marche.fr/articles,http://www.europe-en-marche.fr/,,http://www.parties-and-elections.eu/france.html
FR,Les Républicains,LR,https://www.republicains.fr/,https://www.republicains.fr/actualites,https://www.republicains.fr/categories/europe,https://www.republicains.fr/categories/europe,http://www.parties-and-elections.eu/france.html
FR,Rassemblement National,RN,https://rassemblementnational.fr/,https://rassemblementnational.fr/actualites/,https://rn-europeennes.fr/,https://rn-europeennes.fr/actualites/,http://www.parties-and-elections.eu/france.html
FR,La France Insoumise,FI,https://lafranceinsoumise.fr/,https://lafranceinsoumise.fr/actualites/,https://lafranceinsoumise.fr/actualites/elections-europeennes/lavenir-en-commun-en-europe-aussi/,https://lafranceinsoumise.fr/actualites/elections-europeennes/,http://www.parties-and-elections.eu/france.html
FR,Parti Socialiste,PS,https://www.parti-socialiste.fr/,https://www.parti-socialiste.fr/sylvie-goulard-la-faute-europeenne-demmanuel-macron/,https://www.parti-socialiste.fr/theme/europe/,https://www.parti-socialiste.fr/theme/europe/,http://www.parties-and-elections.eu/france.html
FR,Europe Écologie Les Verts,EELV,https://eelv.fr/,https://eelv.fr/categories/actu/,https://eelv.fr/parlons-europe/,,http://www.parties-and-elections.eu/france.html
FR,Mouvement Démocrate,MoDem,https://www.mouvementdemocrate.fr/,https://www.mouvementdemocrate.fr/,https://www.mouvementdemocrate.fr/programme/europe-2315,https://www.mouvementdemocrate.fr/en-europe,http://www.parties-and-elections.eu/france.html
FR,Union des Démocrates et Indépendants,UDI,http://parti-udi.fr/,http://parti-udi.fr/actualites/,https://www.les-europeens.eu/notre_projet,https://www.les-europeens.eu/actualites,http://www.parties-and-elections.eu/france.html
FR,Parti Communiste Français,PCF,http://www.pcf.fr/,http://www.pcf.fr/actualites,http://www.pcf.fr/collectif_europe,,http://www.parties-and-elections.eu/france.html
FR,Debout la France,DLF,http://www.debout-la-france.fr/,http://www.debout-la-france.fr/,http://www.debout-la-france.fr/actualite/projet-pour-les-elections-europeennes,,http://www.parties-and-elections.eu/france.html
FR,Parti Radical de Gauche,PRG,https://www.partiradicaldegauche.fr/,,,,http://www.parties-and-elections.eu/france.html
FR,Front de Gauche,FG,,,,,http://www.parties-and-elections.eu/france.html
FR,Alliance Centriste,AC,http://www.alliancecentriste.fr/,http://www.alliancecentriste.fr/actualites/,,,http://www.parties-and-elections.eu/france.html
ES,Partido Socialista Obrero Español,PSOE,https://www.psoe.es/,https://www.psoe.es/actualidad/,http://www.socialistas-parlamentoeuropeo.eu/,http://www.socialistas-parlamentoeuropeo.eu/noticias/,http://www.parties-and-elections.eu/spain.html
ES,Partido Popular,PP,http://www.pp.es/,http://www.pp.es/actualidad,http://www.pp.es/europa,http://www.pp.es/europa,http://www.parties-and-elections.eu/spain.html
ES,Ciudadanos - Partido de la Ciudadanía,CS,https://www.ciudadanos-cs.org/,https://www.ciudadanos-cs.org/prensa,https://www.ciudadanos-cs.org/europa,,http://www.parties-and-elections.eu/spain.html
ES,Unidos Podemos,UP,https://podemos.info/,https://podemos.info/actualidad/,https://unidaspodemos.info/,,http://www.parties-and-elections.eu/spain.html
ES,Vox,VOX,https://www.voxespana.es/,https://www.voxespana.es/noticias,,,http://www.parties-and-elections.eu/spain.html
ES,Esquerra Republicana de Catalunya,ERC,https://www.esquerra.cat/ca/inici,,,,http://www.parties-and-elections.eu/spain.html
ES,Junts per Catalunya,JxCat,https://juntspercatalunya.cat/,https://juntspercatalunya.cat/noticies/,https://juntspercatalunya.cat/europa/,,http://www.parties-and-elections.eu/spain.html
ES,Eusko Alderdi Jeltzalea,EAJ-PNV,https://www.eaj-pnv.eus/,https://www.eaj-pnv.eus/eu/berriak/,,,http://www.parties-and-elections.eu/spain.html
ES,Euskal Herria Bildu,EHB,http://ehbildu.eus/,http://ehbildu.eus/,,,http://www.parties-and-elections.eu/spain.html
ES,Coalició Compromís,COMPROMÍS,https://compromis.net/,https://compromis.net/arxiu/,,,http://www.parties-and-elections.eu/spain.html
ES,Coalición Canaria - Partido Nacionalista Canario,CC-PNC,http://coalicioncanaria.org/,http://coalicioncanaria.org/noticias/,,,http://www.parties-and-elections.eu/spain.html
ES,Unión del Pueblo Navarro,UPN,https://www.upn.org/,https://www.upn.org/actualidad/,,,http://www.parties-and-elections.eu/spain.html
ES,Partido Regionalista de Cantabria,PRC,http://prc.es/,http://prc.es/prc.php/web/noticias,,,http://www.parties-and-elections.eu/spain.html
PT,Partido Socialista,PS,https://ps.pt/,https://ps.pt/index.php/noticias/,https://www.pes.eu/en/,https://www.pes.eu/en/news-events/news/,http://www.parties-and-elections.eu/portugal.html
PT,Partido Social Democrata,PSD,https://www.psd.pt/,https://www.psd.pt/atualidade-noticias/,https://www.psd.pt/legislativas-2019/europa/,,http://www.parties-and-elections.eu/portugal.html
PT,Bloco de Esquerda,BE,https://www.bloco.org/,https://www.bloco.org/not%C3%ADcias/atualidade.html,,,http://www.parties-and-elections.eu/portugal.html
PT,Coligação Democrática Unitária,CDU,https://www.cdu.pt/2019/,https://www.cdu.pt/2019/,,,http://www.parties-and-elections.eu/portugal.html
PT,Partido Popular,CDS-PP,https://www.cds.pt/,https://www.cds.pt/,,,http://www.parties-and-elections.eu/portugal.html
PT,Pessoas-Animais-Natureza,PAN,https://www.pan.com.pt/,https://www.pan.com.pt/noticias/?postorder=default&postyear=all,,https://www.pan.com.pt/noticias/?category%5B%5D=europeias&postorder=default&postyear=all,http://www.parties-and-elections.eu/portugal.html
PT,Chega,CH,https://partidochega.pt/,https://partidochega.pt/categorias/noticias/,https://partidochega.pt/manifesto-para-a-europa/,,http://www.parties-and-elections.eu/portugal.html
PT,Iniciativa Liberal,IL,https://iniciativaliberal.pt/,,,,http://www.parties-and-elections.eu/portugal.html
PT,Livre,L,https://partidolivre.pt/,https://partidolivre.pt/comunicados,,,http://www.parties-and-elections.eu/portugal.html
IE,Fine Gael,FG,https://www.finegael.ie/,https://www.finegael.ie/latest-news/national/,https://www.finegael.ie/european-and-local-elections-2019/,,http://www.parties-and-elections.eu/ireland.html
IE,Fianna Fáil,FF,https://www.fiannafail.ie/,https://www.fiannafail.ie/latest-news/,,,http://www.parties-and-elections.eu/ireland.html
IE,Sinn Féin,SF,https://www.sinnfein.ie/?no-splash=true,https://www.sinnfein.ie/newsroom,,,http://www.parties-and-elections.eu/ireland.html
IE,Labour Party,LAB,https://www.labour.ie/,https://www.labour.ie/news/blog.html,,,http://www.parties-and-elections.eu/ireland.html
IE,Anti Austerity Alliance - People Before Profit,AAA-PBP,https://www.pbp.ie/,https://www.pbp.ie/news/,,,http://www.parties-and-elections.eu/ireland.html
IE,Social Democrats,SD,https://www.socialdemocrats.ie/,https://www.socialdemocrats.ie/,,,http://www.parties-and-elections.eu/ireland.html
IE,Green Party,GP,https://www.greenparty.ie/,https://www.greenparty.ie/latest/,,,http://www.parties-and-elections.eu/ireland.html
IE,Independents for Change,I4C,,,,,http://www.parties-and-elections.eu/ireland.html
UK,Conservatives,Con,https://www.conservatives.com/,,http://conservativeeurope.com/,http://conservativeeurope.com/news,http://www.parties-and-elections.eu/unitedkingdom.html
UK,Labour,Lab,https://labour.org.uk/,https://labour.org.uk/category/latest/,http://www.eurolabour.org.uk/,http://www.eurolabour.org.uk/news,http://www.parties-and-elections.eu/unitedkingdom.html
UK,Liberal Democrats,LibDems,https://www.libdems.org.uk/,https://www.libdems.org.uk/adlib,https://www.libdemsineurope.org/,https://www.libdemsineurope.org/news,http://www.parties-and-elections.eu/unitedkingdom.html
UK,Scottish National Party,SNP,https://www.snp.org/,https://www.snp.org/news/,https://www.snpeurope.eu/,https://www.snpeurope.eu/sie_updates,http://www.parties-and-elections.eu/unitedkingdom.html
UK,United Kingdom Independence Party,UKIP,https://www.ukip.org/,https://www.ukip.org/national-ukip-news.php,,,http://www.parties-and-elections.eu/unitedkingdom.html
UK,Green Party of England and Wales,Greens,https://campaigns.greenparty.org.uk/,https://www.greenparty.org.uk/news/,,,http://www.parties-and-elections.eu/unitedkingdom.html
UK,Democratic Unionist Party,DUP,http://www.mydup.com/,http://www.mydup.com/news,,,http://www.parties-and-elections.eu/unitedkingdom.html
UK,Sinn Féin,SF,,,,,http://www.parties-and-elections.eu/unitedkingdom.html
UK,Plaid Cymru,PC,https://www.partyof.wales/,https://www.partyof.wales/news,,,http://www.parties-and-elections.eu/unitedkingdom.html
DK,"Socialdemokratiet i Danmark
",S,https://www.socialdemokratiet.dk/da/,,,,http://www.parties-and-elections.eu/denmark.html
DK,"Venstre, Danmarks Liberale Parti
",V,https://www.venstre.dk/,https://www.venstre.dk/,,,http://www.parties-and-elections.eu/denmark.html
DK,"Dansk Folkeparti
",DF,https://danskfolkeparti.dk/,,,,http://www.parties-and-elections.eu/denmark.html
DK,"Det Radikale Venstre
",RV,https://fremad.radikale.dk/,https://fremad.radikale.dk/nyheder/,https://valg.radikale.dk/det-mener-vi-om/europa/,,http://www.parties-and-elections.eu/denmark.html
DK,"Socialistisk Folkeparti
",SF,https://sf.dk/,https://sf.dk/nyheder/,https://sf.dk/det-vil-vi/eupolitik/,,http://www.parties-and-elections.eu/denmark.html
DK,"Enhedslisten - De Rød-Grønne
",EL,https://enhedslisten.dk/,https://enhedslisten.dk/nyheder,https://enhedslisten.dk/category/eu,,http://www.parties-and-elections.eu/denmark.html
DK,"Det Konservative Folkeparti
",KF,https://konservative.dk/,https://konservative.dk/aktuelt/,https://konservative.dk/personer/europa-parlamentet/,,http://www.parties-and-elections.eu/denmark.html
DK,"Alternativet
",A,https://alternativet.dk/,https://alternativet.dk/nyheder,,,http://www.parties-and-elections.eu/denmark.html
DK,"Nye Borgerlige
",NB,https://nyeborgerlige.dk/,https://nyeborgerlige.dk/pernilles-blog/,https://nyeborgerlige.dk/politik/eu-politik/,,http://www.parties-and-elections.eu/denmark.html
DK,"Liberal Alliance
",LA,https://www.liberalalliance.dk/,,,,http://www.parties-and-elections.eu/denmark.html
DK,"Kristendemokraterne
",KD,https://www.kd.dk/,,https://www.kd.dk/europa.html,,http://www.parties-and-elections.eu/denmark.html
SE,"Socialdemokratiska Arbetarepartiet
",S,https://www.socialdemokraterna.se/,https://www.socialdemokraterna.se/aktuellt/,https://www.socialdemokraterna.se/var-politik/a-till-o/eu/,https://www.socialdemokraterna.se/aktuellt/?kategori=Europa+och+v%c3%a4rlden,http://www.parties-and-elections.eu/sweden.html
SE,Moderata Samlingspartiet,M,https://moderaterna.se/,https://moderaterna.se/nyheter,https://moderaterna.se/valmanifest-0,,http://www.parties-and-elections.eu/sweden.html
SE,Sverigedemokraterna,SD,https://sd.se/,https://sd.se/nyheter/,https://eu.sd.se/,,http://www.parties-and-elections.eu/sweden.html
SE,Centerpartiet,C,https://www.centerpartiet.se/,https://www.centerpartiet.se/press/pressmeddelande,,,http://www.parties-and-elections.eu/sweden.html
SE,Vänsterpartiet,V,http://www.vansterpartiet.se/,,,,http://www.parties-and-elections.eu/sweden.html
SE,Kristdemokraterna,KD,https://kristdemokraterna.se/,https://kristdemokraterna.se/kategori/nyheter/,,,http://www.parties-and-elections.eu/sweden.html
SE,Liberalerna,L,https://www.liberalerna.se/,https://www.liberalerna.se/category/nyheter/,,,http://www.parties-and-elections.eu/sweden.html
SE,Miljöpartiet De Gröna,MP,https://www.mp.se/,https://www.mp.se/,,,http://www.parties-and-elections.eu/sweden.html
FI,Suomen Sosialidemokraattinen Puolue,SDP,http://sdp.fi/fi/,https://sdp.fi/fi/blog/kategoria/ajankohtaista/,https://sdp.fi/fi/tutustu/sdp-euroopassa/,,http://www.parties-and-elections.eu/finland.html
FI,Perussuomalaiset,PS,https://www.perussuomalaiset.fi/,https://www.perussuomalaiset.fi/ajankohtaista/,,,http://www.parties-and-elections.eu/finland.html
FI,Kansallinen Kokoomus,KOK,https://www.kokoomus.fi/,https://www.kokoomus.fi/pressroom/,,,http://www.parties-and-elections.eu/finland.html
FI,Suomen Keskusta,KESK,https://www.keskusta.fi/Suomeksi/Etusivu,https://www.keskusta.fi/Suomeksi/Uutisia/Uutiset,,,http://www.parties-and-elections.eu/finland.html
FI,Vihreä Liitto,VIHR,https://www.vihreat.fi/,https://www.vihreat.fi/asiat/vihrea-blogi,,,http://www.parties-and-elections.eu/finland.html
FI,Vasemmistoliitto,VAS,https://vasemmisto.fi/,https://vasemmisto.fi/ajankohtaista/,,,http://www.parties-and-elections.eu/finland.html
FI,Svenska Folkepartiet i Finland,SFP,https://sfp.fi/,https://sfp.fi/artiklar/,,,http://www.parties-and-elections.eu/finland.html
FI,Suomen Kristillisdemokraatit,KD,https://www.kd.fi/,https://www.kd.fi/ajankohtaista/,,,http://www.parties-and-elections.eu/finland.html
FI,Liike Nyt,LIKE NYT,https://liikenyt.fi/,https://liikenyt.fi/,,,http://www.parties-and-elections.eu/finland.html
EE,Eesti Reformierakond,RE,https://www.reform.ee/,https://www.reform.ee/,,,http://www.parties-and-elections.eu/estonia.html
EE,Eesti Keskerakond,K,https://www.keskerakond.ee/et/,https://www.keskerakond.ee/et/,,,http://www.parties-and-elections.eu/estonia.html
EE,Eesti Konservatiivne Rahvaerakond,ERKRE,https://www.ekre.ee/,https://www.ekre.ee/uudised/,,,http://www.parties-and-elections.eu/estonia.html
EE,Isamaa Erakond,I,https://isamaa.ee/,https://isamaa.ee/category/pressiteated/,,,http://www.parties-and-elections.eu/estonia.html
EE,Sotsiaaldemokraatlik Erakond,SDE,https://www.sotsid.ee/,https://www.sotsid.ee/uudised/,,,http://www.parties-and-elections.eu/estonia.html
EE,Eesti Vabaerakond,EVA,https://vabaerakond.ee/,https://vabaerakond.ee/vabauudised/,,,http://www.parties-and-elections.eu/estonia.html
LV,"""Saskaņa"" Sociāldemokrātiskā Partija",SDPS,https://saskana.eu/,https://saskana.eu/saskana-online/,,,http://www.parties-and-elections.eu/latvia.html
LV,Kam Pieder Valsts,KPV LV,https://kampiedervalsts.com/,,,,http://www.parties-and-elections.eu/latvia.html
LV,Jauna Konservativa Partija,JKP,https://konservativie.lv/,https://konservativie.lv/,,,http://www.parties-and-elections.eu/latvia.html
LV,Attistibai/Par,AP,https://attistibaipar.lv/,https://attistibaipar.lv/,,,http://www.parties-and-elections.eu/latvia.html
LV,Nacionālā Apvienība,NA,https://www.nacionalaapvieniba.lv/,https://www.nacionalaapvieniba.lv/aktualitates/,,,http://www.parties-and-elections.eu/latvia.html
LV,Zaļo un Zemnieku Savienība,ZZS,http://www.zzs.lv/sakums,http://www.zzs.lv/sakums,http://www.zzs.lv/eiropas-parlamenta-velesanas,,http://www.parties-and-elections.eu/latvia.html
LV,Jauna Vienotība,JV,https://www.vienotiba.lv/,https://www.vienotiba.lv/,,,http://www.parties-and-elections.eu/latvia.html
LV,Latvijas Reģionu Apvienība,LRA,http://latvijasregionuapvieniba.lv/,http://latvijasregionuapvieniba.lv/aktualitates/,,,http://www.parties-and-elections.eu/latvia.html
LV,No Sirds Latvijai,NSL,http://nosirdslatvijai.lv/,http://nosirdslatvijai.lv/lv/aktualitates/jaunumi,,,http://www.parties-and-elections.eu/latvia.html
LT,Tėvynės Sąjunga - Lietuvos Krikščionys Demokratai,TS-LKD,https://tsajunga.lt/,https://tsajunga.lt/aktualijos/,,,http://www.parties-and-elections.eu/lithuania.html
LT,Lietuvos Valstiečių ir Žaliųjų Sąjunga,LVŽS,https://www.lvzs.lt/lt/,https://www.lvzs.lt/lt/index.php?option=com_content&view=section&layout=blog&id=1&Itemid=22,,,http://www.parties-and-elections.eu/lithuania.html
LT,Lietuvos Socialdemokratų Partija,LSDP,https://www.lsdp.lt/,https://www.lsdp.lt/,,,http://www.parties-and-elections.eu/lithuania.html
LT,Lietuvos Respublikos Liberalų Sąjūdis,LRLS,https://www.liberalai.lt/,https://www.liberalai.lt/naujienos/,,,http://www.parties-and-elections.eu/lithuania.html
LT,Lietuvos Centro Partija,LCP,https://centropartija.lt/,https://centropartija.lt/aktualijos/,,,http://www.parties-and-elections.eu/lithuania.html
LT,Lietuvos Lenku Rinkimu Akcija,LLRA,http://www.awpl.lt/,http://www.awpl.lt/,,,http://www.parties-and-elections.eu/lithuania.html
LT,Tvarka ir Teisingumas,TT,http://www.tvarka.lt/,,,,http://www.parties-and-elections.eu/lithuania.html
LT,Darbo Partija,DP,https://www.darbopartija.lt/,https://www.darbopartija.lt/naujienos/,https://www.darbopartija.lt/europos-parlamente/,,http://www.parties-and-elections.eu/lithuania.html
LT,Lietuvos Žaliuju Partija,LŽP,http://www.lzp.lt/,http://www.lzp.lt/,,,http://www.parties-and-elections.eu/lithuania.html
LT,Lietuvos Sąrašas,LS,http://lietuvossarasas.lt/,http://lietuvossarasas.lt/irasai/naujienos/,,,http://www.parties-and-elections.eu/lithuania.html
LT,Drąsos Kelias,DK,http://www.drasoskeliaspartija.lt/,http://www.drasoskeliaspartija.lt/,,,http://www.parties-and-elections.eu/lithuania.html
PL,Prawo i Sprawiedliwość,PiS,http://pis.org.pl/,http://pis.org.pl/aktualnosci,,,http://www.parties-and-elections.eu/poland.html
PL,Platforma Obywatelska,PO,https://platforma.org/,https://koalicjaobywatelska.pl/aktualnosci,,,http://www.parties-and-elections.eu/poland.html
PL,Nowoczesna,N,https://nowoczesna.org/,,,,http://www.parties-and-elections.eu/poland.html
PL,Sojusz Lewicy Demokratycznej,SLD,https://sld.org.pl/,https://sld.org.pl/aktualnosci,,,http://www.parties-and-elections.eu/poland.html
PL,Polskie Stronnictwo Ludowe,PSL,https://www.psl.pl/,https://www.psl.pl/aktualnosci/,,,http://www.parties-and-elections.eu/poland.html
PL,Konfederacja Wolność i Niepodległość,KONFEDERACJA,https://konfederacja.net/,https://konfederacja.net/,,,http://www.parties-and-elections.eu/poland.html
PL,Mniejszość Niemiecka,MN,https://www.mniejszoscniemiecka.eu/,https://www.mniejszoscniemiecka.eu/aktualnosci/,,,http://www.parties-and-elections.eu/poland.html
DE,Christlich Demokratische Union Deutschlands,CDU,https://www.cdu.de/,https://www.cdu.de/rss.xml,https://www.cdu.de/europa,,http://www.parties-and-elections.eu/germany.html
DE,Sozialdemokratische Partei Deutschlands,SPD,https://www.spd.de/,https://www.spd.de/aktuelles/,https://www.spd-europa.de/,,http://www.parties-and-elections.eu/germany.html
DE,Alternative für Deutschland,AfD,https://www.afd.de/,https://www.afd.de/meldungen-bundesverband/,https://www.afd.de/europa-eu/,,http://www.parties-and-elections.eu/germany.html
DE,Freie Demokratische Partei,FDP,https://www.fdp.de/,https://www.fdp.de/,http://www.fdp-in-europa.de/,,http://www.parties-and-elections.eu/germany.html
DE,Die Linke,Die Linke,https://www.die-linke.de/start/,https://www.die-linke.de/start/nachrichten/,https://www.die-linke.de/start/europaeische-linke/,,http://www.parties-and-elections.eu/germany.html
DE,Bündnis 90/Die Grünen,GRÜNE,https://www.gruene.de/,https://www.gruene.de/,https://www.gruene.de/europa,https://www.gruene.de/europa,http://www.parties-and-elections.eu/germany.html
DE,Christlich-Soziale Union in Bayern,CSU,https://www.csu.de/,https://www.csu.de/aktuell/meldungen/,https://www.csu-europagruppe.de/,,http://www.parties-and-elections.eu/germany.html
CZ,ANO 2011,ANO,https://www.anobudelip.cz/cs/,https://www.anobudelip.cz/cs/makame/aktuality/z-medii/,,,http://www.parties-and-elections.eu/czechia.html
CZ,Občanská Demokratická Strana,ODS,https://www.ods.cz/,https://www.ods.cz/novinky,,,http://www.parties-and-elections.eu/czechia.html
CZ,Česká Pirátská Strana,PIRATI,https://www.pirati.cz/,https://www.pirati.cz/aktuality/,,,http://www.parties-and-elections.eu/czechia.html
CZ,Svoboda a Prímá Demokracie,SPD,https://www.spd.cz/,https://www.spd.cz/aktualni-stanoviska-spd,,,http://www.parties-and-elections.eu/czechia.html
CZ,Komunistická Strana Čech a Moravy,KSČM,https://www.kscm.cz/cs,https://www.kscm.cz/cs/aktualne/aktuality,,,http://www.parties-and-elections.eu/czechia.html
CZ,Česká Strana Sociálne Demokratická,ČSSD,https://www.cssd.cz/,https://www.cssd.cz/aktualne/blogy/,,,http://www.parties-and-elections.eu/czechia.html
CZ,Krest’anská a Demokratická Unie,KDU-ČSL,https://www.kdu.cz/domu,https://www.kdu.cz/aktualne?searchtext=,,,http://www.parties-and-elections.eu/czechia.html
CZ,TOP 09,TOP09,https://my.top09.cz/,https://my.top09.cz/,,,http://www.parties-and-elections.eu/czechia.html
CZ,Starostové a Nezávisl,STAN,https://www.starostove-nezavisli.cz/,,,,http://www.parties-and-elections.eu/czechia.html
SK,Smer - Sociálna Demokracia,SMER-SD,https://www.strana-smer.sk/,https://www.strana-smer.sk/,,,http://www.parties-and-elections.eu/slovakia.html
SK,Sloboda a Solidarita,SAS,https://strana-sas.sk/,,,,http://www.parties-and-elections.eu/slovakia.html
SK,Obyčajní Ľudia a Nezávislé Osobnosti,OĽaNO-NOVA,http://www.obycajniludia.sk/,http://www.obycajniludia.sk/aktualita/,,,http://www.parties-and-elections.eu/slovakia.html
SK,Slovenská Národná Strana,SNS,https://www.sns.sk/,https://www.sns.sk/category/aktuality/,,,http://www.parties-and-elections.eu/slovakia.html
SK,L'udová Strana Naše Slovensko,L'SNS,http://www.naseslovensko.net/,http://www.naseslovensko.net/,,,http://www.parties-and-elections.eu/slovakia.html
SK,Sme Rodina,SME-RODINA,https://hnutie-smerodina.sk/,https://hnutie-smerodina.sk/kategoria/aktuality/,,,http://www.parties-and-elections.eu/slovakia.html
SK,Most - Híd,MH,https://www.most-hid.sk/,https://www.most-hid.sk/,,,http://www.parties-and-elections.eu/slovakia.html
SK,Sieť,SIEŤ,,,,,http://www.parties-and-elections.eu/slovakia.html
SK,Kresťanskodemokratické Hnutie,KDH,http://kdh.sk/,http://kdh.sk/,,,http://www.parties-and-elections.eu/slovakia.html
SK,Slovenská Demokratická a Kresťanská Únia,SDKU-DS,http://www.sdku-ds.sk/,,,,http://www.parties-and-elections.eu/slovakia.html
HU,Fidesz - Magyar Polgári Szövetség,FIDESZ,https://fidesz.hu/,https://fidesz.hu/,https://fidesz-eu.hu/hu/,https://fidesz-eu.hu/hu/blog/,http://www.parties-and-elections.eu/hungary.html
HU,Kereszténydemokrata Néppárt,KDNP,https://kdnp.hu/,https://kdnp.hu/archivum,,,http://www.parties-and-elections.eu/hungary.html
HU,Jobbik Magyarországért Mozgalom,JOBBIK,https://www.jobbik.hu/,https://www.jobbik.hu/hireink,,,http://www.parties-and-elections.eu/hungary.html
HU,Magyar Szocialista Párt,MSZP,https://mszp.hu/,https://mszp.hu/hirek,,,http://www.parties-and-elections.eu/hungary.html
HU,Párbeszéd Magyarországért,PÁRBESZÉD,https://parbeszedmagyarorszagert.hu/hu,https://parbeszedmagyarorszagert.hu/hu,,,http://www.parties-and-elections.eu/hungary.html
HU,Lehet Más a Politika,LMP,https://lehetmas.hu/,https://lehetmas.hu/,,,http://www.parties-and-elections.eu/hungary.html
HU,Demokratikus Koalíció,DK,https://dkp.hu/,https://dkp.hu/hirek,,,http://www.parties-and-elections.eu/hungary.html
HU,Együtt,EGYÜTT,http://egyuttpart.hu/,http://egyuttpart.hu/,,,http://www.parties-and-elections.eu/hungary.html
HU,Landesselbstverwaltung der Ungarndeutschen,LdU,http://www.ldu.hu/menu/1,http://www.ldu.hu/menu/1,,,http://www.parties-and-elections.eu/hungary.html
HU,Magyar Liberális Párt,MLP,http://liberalisok.hu/,http://liberalisok.hu/,,,http://www.parties-and-elections.eu/hungary.html
SI,Slovenska Demokratska Stranka,SDS,https://www.sds.si/,https://www.sds.si/blog,,,http://www.parties-and-elections.eu/slovenia.html
SI,Lista Marjana Šarca,LMŠ,https://www.strankalms.si/,https://www.strankalms.si/novice/,,,http://www.parties-and-elections.eu/slovenia.html
SI,Socialni Demokrati,SD,https://socialnidemokrati.si/,https://socialnidemokrati.si/novice/,,,http://www.parties-and-elections.eu/slovenia.html
SI,Stranka Modernega Centra,SMC,https://www.strankasmc.si/,https://www.strankasmc.si/,,,http://www.parties-and-elections.eu/slovenia.html
SI,Levica,LEVICA,http://www.levica.si/,http://www.levica.si/,,,http://www.parties-and-elections.eu/slovenia.html
SI,Nova Slovenija - Krščanskih Demokratov,NSI,http://www.nsi.si/,,,,http://www.parties-and-elections.eu/slovenia.html
SI,Stranka Alenke Bratušek,SAB,https://www.sab.si/,https://www.sab.si/aktualno/,,,http://www.parties-and-elections.eu/slovenia.html
SI,Demokratična Stranka Upokojencev Slovenije,DESUS,https://desus.si/,https://desus.si/novice/,,,http://www.parties-and-elections.eu/slovenia.html
SI,Slovenska Nacionalna Stranka,SNS,https://www.sns.si/,https://www.sns.si/novice/,,,http://www.parties-and-elections.eu/slovenia.html
AT,Österreichische Volkspartei,ÖVP,https://www.dieneuevolkspartei.at/,,,,http://www.parties-and-elections.eu/austria.html
AT,Sozialdemokratische Partei Österreichs,SPÖ,https://www.spoe.at/,https://www.spoe.at/meldungen/,,,http://www.parties-and-elections.eu/austria.html
AT,Freiheitliche Partei Österreichs,FPÖ,https://www.fpoe.at/,https://www.fpoe.at/,,,http://www.parties-and-elections.eu/austria.html
AT,Die Grünen - Die Grüne Alternative,GRÜNE,https://zurueckzudengruenen.at/,https://zurueckzudengruenen.at/start/news/,,,http://www.parties-and-elections.eu/austria.html
AT,Das Neue Österreich und Liberales Forum,NEOS,https://www.neos.eu/,https://www.neos.eu/aktuelles,,,http://www.parties-and-elections.eu/austria.html
AT,Jetzt - Liste Pilz,JETZT,https://partei.jetzt/,https://partei.jetzt/,,,http://www.parties-and-elections.eu/austria.html
IT,Movimento 5 Stelle,M5S,https://www.movimento5stelle.it/,https://www.ilblogdellestelle.it/,,,http://www.parties-and-elections.eu/italy.html
IT,Partito Democratico,PD,https://www.partitodemocratico.it/,https://www.partitodemocratico.it/category/news/,,,http://www.parties-and-elections.eu/italy.html
IT,Più Europa,+E,https://piueuropa.eu/,https://piueuropa.eu/news/,,,http://www.parties-and-elections.eu/italy.html
IT,Civica Popolare,CP,http://www.civicapopolare.it/,,,,http://www.parties-and-elections.eu/italy.html
IT,Südtiroler Volkspartei,SVP,https://www.svp.eu/de/wilkommen-bei-uns-1.html,https://www.svp.eu/de/wilkommen-bei-uns-1.html,,,http://www.parties-and-elections.eu/italy.html
IT,Lega Nord,LN,https://www.leganord.org/,https://www.leganord.org/,,,http://www.parties-and-elections.eu/italy.html
IT,Forza Italia,FI,http://www.forzaitalia.it/,,,,http://www.parties-and-elections.eu/italy.html
IT,Fratelli d'Italia,FDI,https://www.fratelli-italia.it/,https://www.fratelli-italia.it/blog-large/,,,http://www.parties-and-elections.eu/italy.html
IT,Noi con l'Italia - UDC,NCI,http://noiconlitalia.it/,,,,http://www.parties-and-elections.eu/italy.html
IT,Liberi e Uguali,LEU,https://liberieuguali.it/,https://liberieuguali.it/news/,,,http://www.parties-and-elections.eu/italy.html
MT,Partit Laburista,PL,https://maltafqalbna.com/,,https://maltafqalbna.com/membri-parlamentari-ewropej/,,http://www.parties-and-elections.eu/malta.html
MT,Partit Nazzjonalista,PN,http://www.pn.org.mt/,,,,http://www.parties-and-elections.eu/malta.html
MT,Alternattiva Demokratika,AD,http://www.alternattiva.org.mt/,http://www.alternattiva.org.mt/,,,http://www.parties-and-elections.eu/malta.html
CY,Dimokratikos Synagermos,DISY,https://www.disy.org.cy/,https://www.disy.org.cy/nea/anakoinoseis,,,http://www.parties-and-elections.eu/cyprus.html
CY,Anorthotiko Komma Ergazomenou Laou,AKEL,https://www.akel.org.cy/,https://www.akel.org.cy/,,,http://www.parties-and-elections.eu/cyprus.html
CY,Dimokratiko Komma,DIKO,https://democraticparty.org.cy/,https://democraticparty.org.cy/,,,http://www.parties-and-elections.eu/cyprus.html
CY,Kinima Sosialdimokraton EDEK,KS EDEK,https://edek.org.cy/,https://edek.org.cy/,,,http://www.parties-and-elections.eu/cyprus.html
CY,Symmachia Politon,SYPOL,https://www.symmaxiapoliton.org/homepage,https://www.symmaxiapoliton.org/homepage,,,http://www.parties-and-elections.eu/cyprus.html
CY,Kinima Allileggy,KA,https://www.allileggii.com/,https://www.allileggii.com/press/,,,http://www.parties-and-elections.eu/cyprus.html
CY,Kinima Oikologon - Sinergasia Politon,KOSP,https://www.cyprusgreens.org/,https://www.cyprusgreens.org/,,,http://www.parties-and-elections.eu/cyprus.html
CY,Ethniko Laiko Metopo,ELAM,https://elamcy.com/,https://elamcy.com/,,,http://www.parties-and-elections.eu/cyprus.html
GR,Nea Dimokratia,ND,https://nd.gr/,https://nd.gr/grafeio-tupou,,,http://www.parties-and-elections.eu/greece.html
GR,Synaspismos Rizospastikis Aristeras,S,http://www.syriza.gr/,http://www.syriza.gr/,,,http://www.parties-and-elections.eu/greece.html
GR,Panellinio Sosialistiko Kinima,PASOK,http://pasok.gr/,http://pasok.gr/,,,http://www.parties-and-elections.eu/greece.html
GR,Kinima Dimokraton Sosialiston,KIDISO,http://www.tokinima.gr/,http://www.tokinima.gr/grafeio-tupou/,,,http://www.parties-and-elections.eu/greece.html
GR,Kommounistiko Komma Elladas,KKE,http://www.kke.gr/,http://www.kke.gr/,,,http://www.parties-and-elections.eu/greece.html
GR,Elliniki Lisi,EL,https://elliniki-lisi.gr/,https://elliniki-lisi.gr/deltia-typoy,,,http://www.parties-and-elections.eu/greece.html
GR,Metopo Evropaikis Realistikis Anypakois,MERA25,https://mera25.gr/,https://mera25.gr/#,,,http://www.parties-and-elections.eu/greece.html
BG,Graždani za Evropejsko Razvitie na Bălgaria,GERB,http://www.gerb.bg/bg,http://www.gerb.bg/bg/news/spisyk-novini-1.html,,,http://www.parties-and-elections.eu/bulgaria.html
BG,Bălgarska Socialističeska Partija,BSP,http://bsp.bg/,http://bsp.bg/news.html,,,http://www.parties-and-elections.eu/bulgaria.html
BG,VMRO – Bălgarsko Nacionalno Dviženie,VMRO-BND,http://www.vmro.bg/,http://www.vmro.bg/category/novini/,,,http://www.parties-and-elections.eu/bulgaria.html
BG,Nacionalen Front za Spasenie na Bălgaria,NFSB,http://nfsb.bg/,http://nfsb.bg/activity.php,,,http://www.parties-and-elections.eu/bulgaria.html
BG,Ataka,ATAKA,http://www.ataka.bg/,http://www.ataka.bg/%d0%bf%d0%be%d0%b7%d0%b8%d1%86%d0%b8%d0%b8/,,,http://www.parties-and-elections.eu/bulgaria.html
BG,Dviženie za Prava i Svobodi,DPS,https://www.dps.bg/,https://www.dps.bg/%D0%BC%D0%B5%D1%81%D1%82%D0%BD%D0%B8-%D0%B8%D0%B7%D0%B1%D0%BE%D1%80%D0%B8-2019/%D0%BD%D0%BE%D0%B2%D0%B8%D0%BD%D0%B8-%D0%BC%D0%B8-2019.html,,,http://www.parties-and-elections.eu/bulgaria.html
BG,Volja,VOLJA,http://www.volia.bg/,http://www.volia.bg/news.html,,,http://www.parties-and-elections.eu/bulgaria.html
RO,Partidul Social-Democrat,PSD,http://www.psd.ro/,http://www.psd.ro/,,,http://www.parties-and-elections.eu/romania.html
RO,Partidul Naţional Liberal,PNL,https://pnl.ro/,https://pnl.ro/,,,http://www.parties-and-elections.eu/romania.html
RO,Uniunea Salvati România,USR,https://www.usr.ro/,https://www.usr.ro/,,,http://www.parties-and-elections.eu/romania.html
RO,Uniunea Democrata Maghiara din România,RMDSZ,http://www.rmdsz.ro/,http://www.rmdsz.ro/,,,http://www.parties-and-elections.eu/romania.html
RO,Alianta Liberalilor si Democratilor,ALDE,https://alde.ro/site/,https://alde.ro/site/categorie/comunicate-de-presa/,,,http://www.parties-and-elections.eu/romania.html
RO,Partidul Mişcarea Populara,PMP,https://pmponline.ro/,https://pmponline.ro/presa,,,http://www.parties-and-elections.eu/romania.html
HR,Hrvatska Demokratska Zajednica,HDZ,http://www.hdz.hr/,http://www.hdz.hr/,,,http://www.parties-and-elections.eu/croatia.html
HR,Hrvatska Socijalno Liberalna Stranka,HSLS,http://www.hsls.hr/,http://www.hsls.hr/vijesti/,,,http://www.parties-and-elections.eu/croatia.html
HR,Hrvatska Demokršćanska Stranka,HDS,http://www.demokrscanihds.hr/,http://www.demokrscanihds.hr/category/aktualno/,,,http://www.parties-and-elections.eu/croatia.html
HR,Socijaldemokratska Partija Hrvatske,SDP,http://www.sdp.hr/,http://www.sdp.hr/,,,http://www.parties-and-elections.eu/croatia.html
HR,Hrvatska Narodna Stranka - Liberalni Demokrati,HNS,https://www.hns.hr/,https://www.hns.hr/,,,http://www.parties-and-elections.eu/croatia.html
HR,Hrvatska Stranka Umirovljenika,HSU,http://www.hsu.hr/,,,,http://www.parties-and-elections.eu/croatia.html
HR,Hrvatska Seljačka Stranka,HSS,https://hss.hr/,https://hss.hr/vijesti/,,,http://www.parties-and-elections.eu/croatia.html
HR,Most Nezavisnih Lista,MOST,https://most-nl.com/,https://most-nl.com/vijesti/,,,http://www.parties-and-elections.eu/croatia.html
HR,Živi Zid,ZZ,https://www.zivizid.hr/,https://www.zivizid.hr/vijesti/,,,http://www.parties-and-elections.eu/croatia.html
HR,Milan Bandić 365 - Stranka Rada i Solidarnosti,MB365,http://www.365ris.hr/,http://www.365ris.hr/vijesti/,,,http://www.parties-and-elections.eu/croatia.html
HR,Narodna Stranka - Reformisti,NS,https://www.reformisti.hr/,https://www.reformisti.hr/index.php/press,,,http://www.parties-and-elections.eu/croatia.html
HR,Istarski Demokratski Sabor,IDS,http://www.ids-ddi.com/,http://www.ids-ddi.com/vijesti/,,,http://www.parties-and-elections.eu/croatia.html
HR,Hrvatski Demokratski Savez Slavonije i Baranje,HDSSB,http://www.hdssb.hr/,http://www.hdssb.hr/,,,http://www.parties-and-elections.eu/croatia.html
HR,Hrvatski Laburisti - Stranka Rada,HL,https://laburisti.com/,https://laburisti.com/#,,,http://www.parties-and-elections.eu/croatia.html
EU,European People's Party,EPP,https://www.eppgroup.eu/,https://www.eppgroup.eu/newsroom,,,http://www.parties-and-elections.eu/eu.html
EU,European People's Party,EPP,https://www.epp.eu/,https://www.epp.eu/epp-news/press-releases/,,,http://www.parties-and-elections.eu/eu.html
EU,Progressive Alliance of Socialists and Democrats,S&D,https://www.socialistsanddemocrats.eu/,https://www.socialistsanddemocrats.eu/latest,,,http://www.parties-and-elections.eu/eu.html
EU,Party of European Socialists,PES,https://www.pes.eu/en/,https://www.pes.eu/en/news-events/,,,http://www.parties-and-elections.eu/eu.html
EU,Renew Europe,RE,https://reneweuropegroup.eu/en/,https://reneweuropegroup.eu/en/news/,,,http://www.parties-and-elections.eu/eu.html
EU,European Democratic Party,EDP,,,,,http://www.parties-and-elections.eu/eu.html
EU,The Greens/European Free Alliance,GREENS/EFA,https://www.greens-efa.eu/en/,https://www.greens-efa.eu/en/newsroom/news/,,,http://www.parties-and-elections.eu/eu.html
EU,European Green Party,EGP,https://europeangreens.eu/,https://europeangreens.eu/news,,,http://www.parties-and-elections.eu/eu.html
EU,European Free Alliance,EFA,https://www.e-f-a.org/,https://www.e-f-a.org/news-and-events/?type=news,,,http://www.parties-and-elections.eu/eu.html
EU,Volt Europa,VOLT,https://www.volteuropa.org/,https://www.volteuropa.org/blog,,,http://www.parties-and-elections.eu/eu.html
EU,Identity and Democracy,ID,https://www.id-party.eu/,https://www.id-party.eu/news,,,http://www.parties-and-elections.eu/eu.html
EU,European Conservatives and Reformists,ECR,https://www.ecrgroup.eu/,https://ecrgroup.eu/news,,,http://www.parties-and-elections.eu/eu.html
EU,Alliance of Conservatives and Reformists in Europe,ACRE,https://ecrparty.eu/,https://ecrparty.eu/news_commentary,,,http://www.parties-and-elections.eu/eu.html
EU,European Christian Political Movement,ECPM,https://ecpm.info/,https://ecpm.info/news.html,,,http://www.parties-and-elections.eu/eu.html
EU,European United Left/Nordic Green Left,GUE/NGL,https://www.guengl.eu/,https://www.guengl.eu/news/,,,http://www.parties-and-elections.eu/eu.html
EU,Party of the European Left,EL,https://www.european-left.org/,https://www.european-left.org/press-releases/,,,http://www.parties-and-elections.eu/eu.html