Key_poliflw,Alt_map,Type,CBS CODE,CBS NAAM,CBS PROVINCIE CODE,CBS PROVINCIE NAAM
Aa en Hunze,Aa en Hunze,Gemeente,GM1680,Aa en Hunze,PV22,Drenthe
Aalsmeer,Aalsmeer,Gemeente,GM0358,Aalsmeer,PV27,Noord-Holland
Aalten,Aalten,Gemeente,GM0197,Aalten,PV25,Gelderland
Achtkarspelen,Achtkarspelen,Gemeente,GM0059,Achtkarspelen,PV21,Fryslân
Alblasserdam,Alblasserdam,Gemeente,GM0482,Alblasserdam,PV28,Zuid-Holland
Albrandswaard,Albrandswaard,Gemeente,GM0613,Albrandswaard,PV28,Zuid-Holland
Alkmaar,Alkmaar,Gemeente,GM0361,Alkmaar,PV27,Noord-Holland
Almelo,Almelo,Gemeente,GM0141,Almelo,PV23,Overijssel
Almere,Almere,Gemeente,GM0034,Almere,PV24,Flevoland
Alphen aan den Rijn,Alphen aan den Rijn,Gemeente,GM0484,Alphen aan den Rijn,PV28,Zuid-Holland
Alphen-Chaam,Alphen-Chaam,Gemeente,GM1723,Alphen-Chaam,PV30,Noord-Brabant
Altena,Altena,Gemeente,GM1959,Altena,PV30,Noord-Brabant
Ameland,Ameland,Gemeente,GM0060,Ameland,PV21,Fryslân
Amersfoort,Amersfoort,Gemeente,GM0307,Amersfoort,PV26,Utrecht
Amstelveen,Amstelveen,Gemeente,GM0362,Amstelveen,PV27,Noord-Holland
Amsterdam,Amsterdam,Gemeente,GM0363,Amsterdam,PV27,Noord-Holland
Apeldoorn,Apeldoorn,Gemeente,GM0200,Apeldoorn,PV25,Gelderland
Arnhem,Arnhem,Gemeente,GM0202,Arnhem,PV25,Gelderland
Assen,Assen,Gemeente,GM0106,Assen,PV22,Drenthe
Asten,Asten,Gemeente,GM0743,Asten,PV30,Noord-Brabant
Baarle-Nassau,Baarle-Nassau,Gemeente,GM0744,Baarle-Nassau,PV30,Noord-Brabant
Baarn,Baarn,Gemeente,GM0308,Baarn,PV26,Utrecht
Barendrecht,Barendrecht,Gemeente,GM0489,Barendrecht,PV28,Zuid-Holland
Barneveld,Barneveld,Gemeente,GM0203,Barneveld,PV25,Gelderland
Beek,Beek,Gemeente,GM0888,Beek,PV31,Limburg
Beekdaelen,Beekdaelen,Gemeente,GM1954,Beekdaelen,PV31,Limburg
Beesel,Beesel,Gemeente,GM0889,Beesel,PV31,Limburg
Berg en Dal,Berg en Dal,Gemeente,GM1945,Berg en Dal,PV25,Gelderland
Bergeijk,Bergeijk,Gemeente,GM1724,Bergeijk,PV30,Noord-Brabant
Bergen (L.),Bergen (L.),Gemeente,GM0893,Bergen (L.),PV31,Limburg
Bergen (NH.),Bergen (NH.),Gemeente,GM0373,Bergen (NH.),PV27,Noord-Holland
Bergen op Zoom,Bergen op Zoom,Gemeente,GM0748,Bergen op Zoom,PV30,Noord-Brabant
Berkelland,Berkelland,Gemeente,GM1859,Berkelland,PV25,Gelderland
Bernheze,Bernheze,Gemeente,GM1721,Bernheze,PV30,Noord-Brabant
Best,Best,Gemeente,GM0753,Best,PV30,Noord-Brabant
Beuningen,Beuningen,Gemeente,GM0209,Beuningen,PV25,Gelderland
Beverwijk,Beverwijk,Gemeente,GM0375,Beverwijk,PV27,Noord-Holland
De Bilt,De Bilt,Gemeente,GM0310,De Bilt,PV26,Utrecht
Bladel,Bladel,Gemeente,GM1728,Bladel,PV30,Noord-Brabant
Blaricum,Blaricum,Gemeente,GM0376,Blaricum,PV27,Noord-Holland
Bloemendaal,Bloemendaal,Gemeente,GM0377,Bloemendaal,PV27,Noord-Holland
Bodegraven-Reeuwijk,Bodegraven-Reeuwijk,Gemeente,GM1901,Bodegraven-Reeuwijk,PV28,Zuid-Holland
Boekel,Boekel,Gemeente,GM0755,Boekel,PV30,Noord-Brabant
Borger-Odoorn,Borger-Odoorn,Gemeente,GM1681,Borger-Odoorn,PV22,Drenthe
Borne,Borne,Gemeente,GM0147,Borne,PV23,Overijssel
Borsele,Borsele,Gemeente,GM0654,Borsele,PV29,Zeeland
Boxtel,Boxtel,Gemeente,GM0757,Boxtel,PV30,Noord-Brabant
Breda,Breda,Gemeente,GM0758,Breda,PV30,Noord-Brabant
Bronckhorst,Bronckhorst,Gemeente,GM1876,Bronckhorst,PV25,Gelderland
Brummen,Brummen,Gemeente,GM0213,Brummen,PV25,Gelderland
Brunssum,Brunssum,Gemeente,GM0899,Brunssum,PV31,Limburg
Bunnik,Bunnik,Gemeente,GM0312,Bunnik,PV26,Utrecht
Bunschoten,Bunschoten,Gemeente,GM0313,Bunschoten,PV26,Utrecht
Buren,Buren,Gemeente,GM0214,Buren,PV25,Gelderland
Capelle aan den IJssel,Capelle aan den IJssel,Gemeente,GM0502,Capelle aan den IJssel,PV28,Zuid-Holland
Castricum,Castricum,Gemeente,GM0383,Castricum,PV27,Noord-Holland
Coevorden,Coevorden,Gemeente,GM0109,Coevorden,PV22,Drenthe
Cranendonck,Cranendonck,Gemeente,GM1706,Cranendonck,PV30,Noord-Brabant
Culemborg,Culemborg,Gemeente,GM0216,Culemborg,PV25,Gelderland
Dalfsen,Dalfsen,Gemeente,GM0148,Dalfsen,PV23,Overijssel
Dantumadiel,Dantumadiel,Gemeente,GM1891,Dantumadiel,PV21,Fryslân
Delft,Delft,Gemeente,GM0503,Delft,PV28,Zuid-Holland
Deurne,Deurne,Gemeente,GM0762,Deurne,PV30,Noord-Brabant
Deventer,Deventer,Gemeente,GM0150,Deventer,PV23,Overijssel
Diemen,Diemen,Gemeente,GM0384,Diemen,PV27,Noord-Holland
Dijk en Waard,Dijk en Waard,Gemeente,GM1980,Dijk en Waard,PV27,Noord-Holland
Dinkelland,Dinkelland,Gemeente,GM1774,Dinkelland,PV23,Overijssel
Doesburg,Doesburg,Gemeente,GM0221,Doesburg,PV25,Gelderland
Doetinchem,Doetinchem,Gemeente,GM0222,Doetinchem,PV25,Gelderland
Dongen,Dongen,Gemeente,GM0766,Dongen,PV30,Noord-Brabant
Dordrecht,Dordrecht,Gemeente,GM0505,Dordrecht,PV28,Zuid-Holland
Drechterland,Drechterland,Gemeente,GM0498,Drechterland,PV27,Noord-Holland
Drimmelen,Drimmelen,Gemeente,GM1719,Drimmelen,PV30,Noord-Brabant
Dronten,Dronten,Gemeente,GM0303,Dronten,PV24,Flevoland
Druten,Druten,Gemeente,GM0225,Druten,PV25,Gelderland
Duiven,Duiven,Gemeente,GM0226,Duiven,PV25,Gelderland
Echt-Susteren,Echt-Susteren,Gemeente,GM1711,Echt-Susteren,PV31,Limburg
Edam-Volendam,Edam-Volendam,Gemeente,GM0385,Edam-Volendam,PV27,Noord-Holland
Ede,Ede,Gemeente,GM0228,Ede,PV25,Gelderland
Eemnes,Eemnes,Gemeente,GM0317,Eemnes,PV26,Utrecht
Eemsdelta,Eemsdelta,Gemeente,GM1979,Eemsdelta,PV20,Groningen
Eersel,Eersel,Gemeente,GM0770,Eersel,PV30,Noord-Brabant
Eijsden-Margraten,Eijsden-Margraten,Gemeente,GM1903,Eijsden-Margraten,PV31,Limburg
Eindhoven,Eindhoven,Gemeente,GM0772,Eindhoven,PV30,Noord-Brabant
Elburg,Elburg,Gemeente,GM0230,Elburg,PV25,Gelderland
Emmen,Emmen,Gemeente,GM0114,Emmen,PV22,Drenthe
Enkhuizen,Enkhuizen,Gemeente,GM0388,Enkhuizen,PV27,Noord-Holland
Enschede,Enschede,Gemeente,GM0153,Enschede,PV23,Overijssel
Epe,Epe,Gemeente,GM0232,Epe,PV25,Gelderland
Ermelo,Ermelo,Gemeente,GM0233,Ermelo,PV25,Gelderland
Etten-Leur,Etten-Leur,Gemeente,GM0777,Etten-Leur,PV30,Noord-Brabant
De Fryske Marren,De Fryske Marren,Gemeente,GM1940,De Fryske Marren,PV21,Fryslân
Geertruidenberg,Geertruidenberg,Gemeente,GM0779,Geertruidenberg,PV30,Noord-Brabant
Geldrop-Mierlo,Geldrop-Mierlo,Gemeente,GM1771,Geldrop-Mierlo,PV30,Noord-Brabant
Gemert-Bakel,Gemert-Bakel,Gemeente,GM1652,Gemert-Bakel,PV30,Noord-Brabant
Gennep,Gennep,Gemeente,GM0907,Gennep,PV31,Limburg
Gilze en Rijen,Gilze en Rijen,Gemeente,GM0784,Gilze en Rijen,PV30,Noord-Brabant
Goeree-Overflakkee,Goeree-Overflakkee,Gemeente,GM1924,Goeree-Overflakkee,PV28,Zuid-Holland
Goes,Goes,Gemeente,GM0664,Goes,PV29,Zeeland
Goirle,Goirle,Gemeente,GM0785,Goirle,PV30,Noord-Brabant
Gooise Meren,Gooise Meren,Gemeente,GM1942,Gooise Meren,PV27,Noord-Holland
Gorinchem,Gorinchem,Gemeente,GM0512,Gorinchem,PV28,Zuid-Holland
Gouda,Gouda,Gemeente,GM0513,Gouda,PV28,Zuid-Holland
Den Haag,'s-Gravenhage,Gemeente,GM0518,'s-Gravenhage,PV28,Zuid-Holland
Groningen,Groningen,Gemeente,GM0014,Groningen,PV20,Groningen
Gulpen-Wittem,Gulpen-Wittem,Gemeente,GM1729,Gulpen-Wittem,PV31,Limburg
Haaksbergen,Haaksbergen,Gemeente,GM0158,Haaksbergen,PV23,Overijssel
Haarlem,Haarlem,Gemeente,GM0392,Haarlem,PV27,Noord-Holland
Haarlemmermeer,Haarlemmermeer,Gemeente,GM0394,Haarlemmermeer,PV27,Noord-Holland
Halderberge,Halderberge,Gemeente,GM1655,Halderberge,PV30,Noord-Brabant
Hardenberg,Hardenberg,Gemeente,GM0160,Hardenberg,PV23,Overijssel
Harderwijk,Harderwijk,Gemeente,GM0243,Harderwijk,PV25,Gelderland
Hardinxveld-Giessendam,Hardinxveld-Giessendam,Gemeente,GM0523,Hardinxveld-Giessendam,PV28,Zuid-Holland
Harlingen,Harlingen,Gemeente,GM0072,Harlingen,PV21,Fryslân
Hattem,Hattem,Gemeente,GM0244,Hattem,PV25,Gelderland
Heemskerk,Heemskerk,Gemeente,GM0396,Heemskerk,PV27,Noord-Holland
Heemstede,Heemstede,Gemeente,GM0397,Heemstede,PV27,Noord-Holland
Heerde,Heerde,Gemeente,GM0246,Heerde,PV25,Gelderland
Heerenveen,Heerenveen,Gemeente,GM0074,Heerenveen,PV21,Fryslân
Heerlen,Heerlen,Gemeente,GM0917,Heerlen,PV31,Limburg
Heeze-Leende,Heeze-Leende,Gemeente,GM1658,Heeze-Leende,PV30,Noord-Brabant
Heiloo,Heiloo,Gemeente,GM0399,Heiloo,PV27,Noord-Holland
Den Helder,Den Helder,Gemeente,GM0400,Den Helder,PV27,Noord-Holland
Hellendoorn,Hellendoorn,Gemeente,GM0163,Hellendoorn,PV23,Overijssel
Helmond,Helmond,Gemeente,GM0794,Helmond,PV30,Noord-Brabant
Hendrik-Ido-Ambacht,Hendrik-Ido-Ambacht,Gemeente,GM0531,Hendrik-Ido-Ambacht,PV28,Zuid-Holland
Hengelo,Hengelo,Gemeente,GM0164,Hengelo,PV23,Overijssel
Den Bosch,'s-Hertogenbosch,Gemeente,GM0796,'s-Hertogenbosch,PV30,Noord-Brabant
Heumen,Heumen,Gemeente,GM0252,Heumen,PV25,Gelderland
Heusden,Heusden,Gemeente,GM0797,Heusden,PV30,Noord-Brabant
Hillegom,Hillegom,Gemeente,GM0534,Hillegom,PV28,Zuid-Holland
Hilvarenbeek,Hilvarenbeek,Gemeente,GM0798,Hilvarenbeek,PV30,Noord-Brabant
Hilversum,Hilversum,Gemeente,GM0402,Hilversum,PV27,Noord-Holland
Hoeksche Waard,Hoeksche Waard,Gemeente,GM1963,Hoeksche Waard,PV28,Zuid-Holland
Hof van Twente,Hof van Twente,Gemeente,GM1735,Hof van Twente,PV23,Overijssel
Het Hogeland,Het Hogeland,Gemeente,GM1966,Het Hogeland,PV20,Groningen
Hollands Kroon,Hollands Kroon,Gemeente,GM1911,Hollands Kroon,PV27,Noord-Holland
Hoogeveen,Hoogeveen,Gemeente,GM0118,Hoogeveen,PV22,Drenthe
Hoorn,Hoorn,Gemeente,GM0405,Hoorn,PV27,Noord-Holland
Horst aan de Maas,Horst aan de Maas,Gemeente,GM1507,Horst aan de Maas,PV31,Limburg
Houten,Houten,Gemeente,GM0321,Houten,PV26,Utrecht
Huizen,Huizen,Gemeente,GM0406,Huizen,PV27,Noord-Holland
Hulst,Hulst,Gemeente,GM0677,Hulst,PV29,Zeeland
IJsselstein,IJsselstein,Gemeente,GM0353,IJsselstein,PV26,Utrecht
Kaag en Braassem,Kaag en Braassem,Gemeente,GM1884,Kaag en Braassem,PV28,Zuid-Holland
Kampen,Kampen,Gemeente,GM0166,Kampen,PV23,Overijssel
Kapelle,Kapelle,Gemeente,GM0678,Kapelle,PV29,Zeeland
Katwijk,Katwijk,Gemeente,GM0537,Katwijk,PV28,Zuid-Holland
Kerkrade,Kerkrade,Gemeente,GM0928,Kerkrade,PV31,Limburg
Koggenland,Koggenland,Gemeente,GM1598,Koggenland,PV27,Noord-Holland
Krimpen aan den IJssel,Krimpen aan den IJssel,Gemeente,GM0542,Krimpen aan den IJssel,PV28,Zuid-Holland
Krimpenerwaard,Krimpenerwaard,Gemeente,GM1931,Krimpenerwaard,PV28,Zuid-Holland
Laarbeek,Laarbeek,Gemeente,GM1659,Laarbeek,PV30,Noord-Brabant
Land van Cuijk,Land van Cuijk,Gemeente,GM1982,Land van Cuijk,PV30,Noord-Brabant
Landgraaf,Landgraaf,Gemeente,GM0882,Landgraaf,PV31,Limburg
Landsmeer,Landsmeer,Gemeente,GM0415,Landsmeer,PV27,Noord-Holland
Lansingerland,Lansingerland,Gemeente,GM1621,Lansingerland,PV28,Zuid-Holland
Laren,Laren,Gemeente,GM0417,Laren,PV27,Noord-Holland
Leeuwarden,Leeuwarden,Gemeente,GM0080,Leeuwarden,PV21,Fryslân
Leiden,Leiden,Gemeente,GM0546,Leiden,PV28,Zuid-Holland
Leiderdorp,Leiderdorp,Gemeente,GM0547,Leiderdorp,PV28,Zuid-Holland
Leidschendam-Voorburg,Leidschendam-Voorburg,Gemeente,GM1916,Leidschendam-Voorburg,PV28,Zuid-Holland
Lelystad,Lelystad,Gemeente,GM0995,Lelystad,PV24,Flevoland
Leudal,Leudal,Gemeente,GM1640,Leudal,PV31,Limburg
Leusden,Leusden,Gemeente,GM0327,Leusden,PV26,Utrecht
Lingewaard,Lingewaard,Gemeente,GM1705,Lingewaard,PV25,Gelderland
Lisse,Lisse,Gemeente,GM0553,Lisse,PV28,Zuid-Holland
Lochem,Lochem,Gemeente,GM0262,Lochem,PV25,Gelderland
Loon op Zand,Loon op Zand,Gemeente,GM0809,Loon op Zand,PV30,Noord-Brabant
Lopik,Lopik,Gemeente,GM0331,Lopik,PV26,Utrecht
Losser,Losser,Gemeente,GM0168,Losser,PV23,Overijssel
Maasdriel,Maasdriel,Gemeente,GM0263,Maasdriel,PV25,Gelderland
Maasgouw,Maasgouw,Gemeente,GM1641,Maasgouw,PV31,Limburg
Maashorst,Maashorst,Gemeente,GM1991,Maashorst,PV30,Noord-Brabant
Maassluis,Maassluis,Gemeente,GM0556,Maassluis,PV28,Zuid-Holland
Maastricht,Maastricht,Gemeente,GM0935,Maastricht,PV31,Limburg
Medemblik,Medemblik,Gemeente,GM0420,Medemblik,PV27,Noord-Holland
Meerssen,Meerssen,Gemeente,GM0938,Meerssen,PV31,Limburg
Meierijstad,Meierijstad,Gemeente,GM1948,Meierijstad,PV30,Noord-Brabant
Meppel,Meppel,Gemeente,GM0119,Meppel,PV22,Drenthe
Middelburg,Middelburg,Gemeente,GM0687,Middelburg,PV29,Zeeland
Midden-Delfland,Midden-Delfland,Gemeente,GM1842,Midden-Delfland,PV28,Zuid-Holland
Midden-Drenthe,Midden-Drenthe,Gemeente,GM1731,Midden-Drenthe,PV22,Drenthe
Midden-Groningen,Midden-Groningen,Gemeente,GM1952,Midden-Groningen,PV20,Groningen
Moerdijk,Moerdijk,Gemeente,GM1709,Moerdijk,PV30,Noord-Brabant
Molenlanden,Molenlanden,Gemeente,GM1978,Molenlanden,PV28,Zuid-Holland
Montferland,Montferland,Gemeente,GM1955,Montferland,PV25,Gelderland
Montfoort,Montfoort,Gemeente,GM0335,Montfoort,PV26,Utrecht
Mook en Middelaar,Mook en Middelaar,Gemeente,GM0944,Mook en Middelaar,PV31,Limburg
Neder-Betuwe,Neder-Betuwe,Gemeente,GM1740,Neder-Betuwe,PV25,Gelderland
Nederweert,Nederweert,Gemeente,GM0946,Nederweert,PV31,Limburg
Nieuwegein,Nieuwegein,Gemeente,GM0356,Nieuwegein,PV26,Utrecht
Nieuwkoop,Nieuwkoop,Gemeente,GM0569,Nieuwkoop,PV28,Zuid-Holland
Nijkerk,Nijkerk,Gemeente,GM0267,Nijkerk,PV25,Gelderland
Nijmegen,Nijmegen,Gemeente,GM0268,Nijmegen,PV25,Gelderland
Nissewaard,Nissewaard,Gemeente,GM1930,Nissewaard,PV28,Zuid-Holland
Noardeast-Fryslân,Noardeast-Fryslân,Gemeente,GM1970,Noardeast-Fryslân,PV21,Fryslân
Noord-Beveland,Noord-Beveland,Gemeente,GM1695,Noord-Beveland,PV29,Zeeland
Noordenveld,Noordenveld,Gemeente,GM1699,Noordenveld,PV22,Drenthe
Noordoostpolder,Noordoostpolder,Gemeente,GM0171,Noordoostpolder,PV24,Flevoland
Noordwijk,Noordwijk,Gemeente,GM0575,Noordwijk,PV28,Zuid-Holland
"Nuenen, Gerwen en Nederwetten","Nuenen, Gerwen en Nederwetten",Gemeente,GM0820,"Nuenen, Gerwen en Nederwetten",PV30,Noord-Brabant
Nunspeet,Nunspeet,Gemeente,GM0302,Nunspeet,PV25,Gelderland
Oegstgeest,Oegstgeest,Gemeente,GM0579,Oegstgeest,PV28,Zuid-Holland
Oirschot,Oirschot,Gemeente,GM0823,Oirschot,PV30,Noord-Brabant
Oisterwijk,Oisterwijk,Gemeente,GM0824,Oisterwijk,PV30,Noord-Brabant
Oldambt,Oldambt,Gemeente,GM1895,Oldambt,PV20,Groningen
Oldebroek,Oldebroek,Gemeente,GM0269,Oldebroek,PV25,Gelderland
Oldenzaal,Oldenzaal,Gemeente,GM0173,Oldenzaal,PV23,Overijssel
Olst-Wijhe,Olst-Wijhe,Gemeente,GM1773,Olst-Wijhe,PV23,Overijssel
Ommen,Ommen,Gemeente,GM0175,Ommen,PV23,Overijssel
Oost Gelre,Oost Gelre,Gemeente,GM1586,Oost Gelre,PV25,Gelderland
Oosterhout,Oosterhout,Gemeente,GM0826,Oosterhout,PV30,Noord-Brabant
Ooststellingwerf,Ooststellingwerf,Gemeente,GM0085,Ooststellingwerf,PV21,Fryslân
Oostzaan,Oostzaan,Gemeente,GM0431,Oostzaan,PV27,Noord-Holland
Opmeer,Opmeer,Gemeente,GM0432,Opmeer,PV27,Noord-Holland
Opsterland,Opsterland,Gemeente,GM0086,Opsterland,PV21,Fryslân
Oss,Oss,Gemeente,GM0828,Oss,PV30,Noord-Brabant
Oude IJsselstreek,Oude IJsselstreek,Gemeente,GM1509,Oude IJsselstreek,PV25,Gelderland
Ouder-Amstel,Ouder-Amstel,Gemeente,GM0437,Ouder-Amstel,PV27,Noord-Holland
Oudewater,Oudewater,Gemeente,GM0589,Oudewater,PV26,Utrecht
Overbetuwe,Overbetuwe,Gemeente,GM1734,Overbetuwe,PV25,Gelderland
Papendrecht,Papendrecht,Gemeente,GM0590,Papendrecht,PV28,Zuid-Holland
Peel en Maas,Peel en Maas,Gemeente,GM1894,Peel en Maas,PV31,Limburg
Pekela,Pekela,Gemeente,GM0765,Pekela,PV20,Groningen
Pijnacker-Nootdorp,Pijnacker-Nootdorp,Gemeente,GM1926,Pijnacker-Nootdorp,PV28,Zuid-Holland
Purmerend,Purmerend,Gemeente,GM0439,Purmerend,PV27,Noord-Holland
Putten,Putten,Gemeente,GM0273,Putten,PV25,Gelderland
Raalte,Raalte,Gemeente,GM0177,Raalte,PV23,Overijssel
Reimerswaal,Reimerswaal,Gemeente,GM0703,Reimerswaal,PV29,Zeeland
Renkum,Renkum,Gemeente,GM0274,Renkum,PV25,Gelderland
Renswoude,Renswoude,Gemeente,GM0339,Renswoude,PV26,Utrecht
Reusel-De Mierden,Reusel-De Mierden,Gemeente,GM1667,Reusel-De Mierden,PV30,Noord-Brabant
Rheden,Rheden,Gemeente,GM0275,Rheden,PV25,Gelderland
Rhenen,Rhenen,Gemeente,GM0340,Rhenen,PV26,Utrecht
Ridderkerk,Ridderkerk,Gemeente,GM0597,Ridderkerk,PV28,Zuid-Holland
Rijssen-Holten,Rijssen-Holten,Gemeente,GM1742,Rijssen-Holten,PV23,Overijssel
Rijswijk,Rijswijk,Gemeente,GM0603,Rijswijk,PV28,Zuid-Holland
Roerdalen,Roerdalen,Gemeente,GM1669,Roerdalen,PV31,Limburg
Roermond,Roermond,Gemeente,GM0957,Roermond,PV31,Limburg
De Ronde Venen,De Ronde Venen,Gemeente,GM0736,De Ronde Venen,PV26,Utrecht
Roosendaal,Roosendaal,Gemeente,GM1674,Roosendaal,PV30,Noord-Brabant
Rotterdam,Rotterdam,Gemeente,GM0599,Rotterdam,PV28,Zuid-Holland
Rozendaal,Rozendaal,Gemeente,GM0277,Rozendaal,PV25,Gelderland
Rucphen,Rucphen,Gemeente,GM0840,Rucphen,PV30,Noord-Brabant
Schagen,Schagen,Gemeente,GM0441,Schagen,PV27,Noord-Holland
Scherpenzeel,Scherpenzeel,Gemeente,GM0279,Scherpenzeel,PV25,Gelderland
Schiedam,Schiedam,Gemeente,GM0606,Schiedam,PV28,Zuid-Holland
Schiermonnikoog,Schiermonnikoog,Gemeente,GM0088,Schiermonnikoog,PV21,Fryslân
Schouwen-Duiveland,Schouwen-Duiveland,Gemeente,GM1676,Schouwen-Duiveland,PV29,Zeeland
Simpelveld,Simpelveld,Gemeente,GM0965,Simpelveld,PV31,Limburg
Sint-Michielsgestel,Sint-Michielsgestel,Gemeente,GM0845,Sint-Michielsgestel,PV30,Noord-Brabant
Sittard-Geleen,Sittard-Geleen,Gemeente,GM1883,Sittard-Geleen,PV31,Limburg
Sliedrecht,Sliedrecht,Gemeente,GM0610,Sliedrecht,PV28,Zuid-Holland
Sluis,Sluis,Gemeente,GM1714,Sluis,PV29,Zeeland
Smallingerland,Smallingerland,Gemeente,GM0090,Smallingerland,PV21,Fryslân
Soest,Soest,Gemeente,GM0342,Soest,PV26,Utrecht
Someren,Someren,Gemeente,GM0847,Someren,PV30,Noord-Brabant
Son en Breugel,Son en Breugel,Gemeente,GM0848,Son en Breugel,PV30,Noord-Brabant
Stadskanaal,Stadskanaal,Gemeente,GM0037,Stadskanaal,PV20,Groningen
Staphorst,Staphorst,Gemeente,GM0180,Staphorst,PV23,Overijssel
Stede Broec,Stede Broec,Gemeente,GM0532,Stede Broec,PV27,Noord-Holland
Steenbergen,Steenbergen,Gemeente,GM0851,Steenbergen,PV30,Noord-Brabant
Steenwijkerland,Steenwijkerland,Gemeente,GM1708,Steenwijkerland,PV23,Overijssel
Stein,Stein,Gemeente,GM0971,Stein,PV31,Limburg
Stichtse Vecht,Stichtse Vecht,Gemeente,GM1904,Stichtse Vecht,PV26,Utrecht
Súdwest-Fryslân,Súdwest-Fryslân,Gemeente,GM1900,Súdwest-Fryslân,PV21,Fryslân
Terneuzen,Terneuzen,Gemeente,GM0715,Terneuzen,PV29,Zeeland
Terschelling,Terschelling,Gemeente,GM0093,Terschelling,PV21,Fryslân
Texel,Texel,Gemeente,GM0448,Texel,PV27,Noord-Holland
Teylingen,Teylingen,Gemeente,GM1525,Teylingen,PV28,Zuid-Holland
Tholen,Tholen,Gemeente,GM0716,Tholen,PV29,Zeeland
Tiel,Tiel,Gemeente,GM0281,Tiel,PV25,Gelderland
Tilburg,Tilburg,Gemeente,GM0855,Tilburg,PV30,Noord-Brabant
Tubbergen,Tubbergen,Gemeente,GM0183,Tubbergen,PV23,Overijssel
Twenterand,Twenterand,Gemeente,GM1700,Twenterand,PV23,Overijssel
Tynaarlo,Tynaarlo,Gemeente,GM1730,Tynaarlo,PV22,Drenthe
Tytsjerksteradiel,Tytsjerksteradiel,Gemeente,GM0737,Tytsjerksteradiel,PV21,Fryslân
Uitgeest,Uitgeest,Gemeente,GM0450,Uitgeest,PV27,Noord-Holland
Uithoorn,Uithoorn,Gemeente,GM0451,Uithoorn,PV27,Noord-Holland
Urk,Urk,Gemeente,GM0184,Urk,PV24,Flevoland
Utrecht,Utrecht,Gemeente,GM0344,Utrecht,PV26,Utrecht
Utrechtse Heuvelrug,Utrechtse Heuvelrug,Gemeente,GM1581,Utrechtse Heuvelrug,PV26,Utrecht
Vaals,Vaals,Gemeente,GM0981,Vaals,PV31,Limburg
Valkenburg aan de Geul,Valkenburg aan de Geul,Gemeente,GM0994,Valkenburg aan de Geul,PV31,Limburg
Valkenswaard,Valkenswaard,Gemeente,GM0858,Valkenswaard,PV30,Noord-Brabant
Veendam,Veendam,Gemeente,GM0047,Veendam,PV20,Groningen
Veenendaal,Veenendaal,Gemeente,GM0345,Veenendaal,PV26,Utrecht
Veere,Veere,Gemeente,GM0717,Veere,PV29,Zeeland
Veldhoven,Veldhoven,Gemeente,GM0861,Veldhoven,PV30,Noord-Brabant
Velsen,Velsen,Gemeente,GM0453,Velsen,PV27,Noord-Holland
Venlo,Venlo,Gemeente,GM0983,Venlo,PV31,Limburg
Venray,Venray,Gemeente,GM0984,Venray,PV31,Limburg
Vijfheerenlanden,Vijfheerenlanden,Gemeente,GM1961,Vijfheerenlanden,PV26,Utrecht
Vlaardingen,Vlaardingen,Gemeente,GM0622,Vlaardingen,PV28,Zuid-Holland
Vlieland,Vlieland,Gemeente,GM0096,Vlieland,PV21,Fryslân
Vlissingen,Vlissingen,Gemeente,GM0718,Vlissingen,PV29,Zeeland
Voerendaal,Voerendaal,Gemeente,GM0986,Voerendaal,PV31,Limburg
Voorne aan Zee,Voorne aan Zee,Gemeente,GM1992,Voorne aan Zee,PV28,Zuid-Holland
Voorschoten,Voorschoten,Gemeente,GM0626,Voorschoten,PV28,Zuid-Holland
Voorst,Voorst,Gemeente,GM0285,Voorst,PV25,Gelderland
Vught,Vught,Gemeente,GM0865,Vught,PV30,Noord-Brabant
Waadhoeke,Waadhoeke,Gemeente,GM1949,Waadhoeke,PV21,Fryslân
Waalre,Waalre,Gemeente,GM0866,Waalre,PV30,Noord-Brabant
Waalwijk,Waalwijk,Gemeente,GM0867,Waalwijk,PV30,Noord-Brabant
Waddinxveen,Waddinxveen,Gemeente,GM0627,Waddinxveen,PV28,Zuid-Holland
Wageningen,Wageningen,Gemeente,GM0289,Wageningen,PV25,Gelderland
Wassenaar,Wassenaar,Gemeente,GM0629,Wassenaar,PV28,Zuid-Holland
Waterland,Waterland,Gemeente,GM0852,Waterland,PV27,Noord-Holland
Weert,Weert,Gemeente,GM0988,Weert,PV31,Limburg
West Betuwe,West Betuwe,Gemeente,GM1960,West Betuwe,PV25,Gelderland
West Maas en Waal,West Maas en Waal,Gemeente,GM0668,West Maas en Waal,PV25,Gelderland
Westerkwartier,Westerkwartier,Gemeente,GM1969,Westerkwartier,PV20,Groningen
Westerveld,Westerveld,Gemeente,GM1701,Westerveld,PV22,Drenthe
Westervoort,Westervoort,Gemeente,GM0293,Westervoort,PV25,Gelderland
Westerwolde,Westerwolde,Gemeente,GM1950,Westerwolde,PV20,Groningen
Westland,Westland,Gemeente,GM1783,Westland,PV28,Zuid-Holland
Weststellingwerf,Weststellingwerf,Gemeente,GM0098,Weststellingwerf,PV21,Fryslân
Wierden,Wierden,Gemeente,GM0189,Wierden,PV23,Overijssel
Wijchen,Wijchen,Gemeente,GM0296,Wijchen,PV25,Gelderland
Wijdemeren,Wijdemeren,Gemeente,GM1696,Wijdemeren,PV27,Noord-Holland
Wijk bij Duurstede,Wijk bij Duurstede,Gemeente,GM0352,Wijk bij Duurstede,PV26,Utrecht
Winterswijk,Winterswijk,Gemeente,GM0294,Winterswijk,PV25,Gelderland
Woensdrecht,Woensdrecht,Gemeente,GM0873,Woensdrecht,PV30,Noord-Brabant
Woerden,Woerden,Gemeente,GM0632,Woerden,PV26,Utrecht
De Wolden,De Wolden,Gemeente,GM1690,De Wolden,PV22,Drenthe
Wormerland,Wormerland,Gemeente,GM0880,Wormerland,PV27,Noord-Holland
Woudenberg,Woudenberg,Gemeente,GM0351,Woudenberg,PV26,Utrecht
Zaanstad,Zaanstad,Gemeente,GM0479,Zaanstad,PV27,Noord-Holland
Zaltbommel,Zaltbommel,Gemeente,GM0297,Zaltbommel,PV25,Gelderland
Zandvoort,Zandvoort,Gemeente,GM0473,Zandvoort,PV27,Noord-Holland
Zeewolde,Zeewolde,Gemeente,GM0050,Zeewolde,PV24,Flevoland
Zeist,Zeist,Gemeente,GM0355,Zeist,PV26,Utrecht
Zevenaar,Zevenaar,Gemeente,GM0299,Zevenaar,PV25,Gelderland
Zoetermeer,Zoetermeer,Gemeente,GM0637,Zoetermeer,PV28,Zuid-Holland
Zoeterwoude,Zoeterwoude,Gemeente,GM0638,Zoeterwoude,PV28,Zuid-Holland
Zuidplas,Zuidplas,Gemeente,GM1892,Zuidplas,PV28,Zuid-Holland
Zundert,Zundert,Gemeente,GM0879,Zundert,PV30,Noord-Brabant
Zutphen,Zutphen,Gemeente,GM0301,Zutphen,PV25,Gelderland
Zwartewaterland,Zwartewaterland,Gemeente,GM1896,Zwartewaterland,PV23,Overijssel
Zwijndrecht,Zwijndrecht,Gemeente,GM0642,Zwijndrecht,PV28,Zuid-Holland
Zwolle,Zwolle,Gemeente,GM0193,Zwolle,PV23,Overijssel
